page,pseudo,fbID,groupe,dateCréation,aimentPageMin,aimentPageMax,followersMin,followersMax,publications,partages,commentaires,likes,love,solidarité,haha,wow,tristesse,colère,interactions,videoNb,videoVues
L'actualité,lactualite,#10216458583,Mishmash,2008-03-29,450030,453803,450685,459777,1303,20676,26620,47455,7151,3019,4042,2086,1669,2279,114997,6,5991
"CIBL 101,5",CIBL1015,#56034380050,ARCQ,2008-07-08,22834,23283,24691,25658,87,246,73,681,210,4,0,2,0,1,1217,2,1364
L'épicerie,lepicerie,#23464139596,Radio-Canada,2008-08-19,95633,96354,97054,99944,218,7473,4152,13679,2035,390,177,640,509,672,29727,71,369592
La semaine verte,semaineverte,#47898945976,Radio-Canada,2008-08-19,59216,64769,64419,76710,332,26293,8280,42985,7547,1427,382,1589,1827,1351,91681,98,675396
Hebdomadaire La Revue de Terrebonne,revueterrebonne,#107310330253,Lexis média,2008-12-14,9818,10878,10392,11473,1906,16733,10429,18716,4085,1818,611,1456,2988,1627,58463,32,14375
L'Indice bohémien,indicebohemien,#157035310656,AMECQ,2009-03-23,3988,4319,4413,4678,377,1459,660,1928,839,69,8,43,23,1,5030,32,11999
CJAD 800 Montreal,cjad800,#62993538701,Bell,2009-03-31,42083,43880,42452,44590,3905,72322,226399,139127,15834,5914,22370,17367,46873,38057,584263,146,132539
La Presse,LaPresseFB,#78302173311,La Presse,2009-04-02,643652,678145,657157,697034,13481,629847,1624258,1725637,283168,142387,430088,175532,428223,458397,5897537,15,372921
Journal Métro,journalmetro,#64790844524,MétroMédia,2009-04-09,159448,161644,160602,166004,5345,61425,177689,132486,20403,8911,36912,11973,24988,34927,509714,65,864736
URBANIA,URBANIA,#70366134138,Urbania,2009-04-17,158960,168306,172110,185580,2394,65885,72015,180110,44999,19017,27351,2336,6558,2178,420449,133,5209930
CTV Montreal,ctvmontreal,#38459519955,Bell,2009-05-13,77552,81019,80709,84613,10452,212771,278487,325694,44185,18143,55372,51763,132098,88427,1206940,14,30371
Actualités - L'Étincelle du Val SF,actualitesletincelle,#100063454697742,Néomédia,2009-05-14,3978,4101,4044,4142,1037,2802,519,3037,367,48,54,116,308,71,7322,1,859
"Plaisir 95,5",-,#90319881621,Arsenal Média,2009-06-09,?,?,?,?,1115,4170,1682,2621,409,96,239,80,310,163,9770,1,843
Le Devoir,ledevoir,#98317905527,Le Devoir,2009-06-17,323619,378794,360679,432896,9392,430674,1344319,1281005,192512,110250,280219,99268,301781,323220,4363248,352,11665011
Le Citoyen Rouyn - La Sarre,lecitoyenrouynlasarre,#109730386592,Lexis média,2009-06-30,20870,21208,21206,21767,2148,36163,20448,51419,8268,1578,1849,3148,2971,2439,128283,18,10033
Québec Hebdo,quebechebdo,#96828034139,MétroMédia,2009-07-02,17323,17684,17046,18024,2076,6049,3735,4848,710,251,832,368,1163,629,18585,1,233
Journal Entrée Libre,journalentreelibre,#100568953535,AMECQ,2009-07-08,925,952,990,1021,59,49,33,171,27,15,2,1,7,0,305,1,63
Les Affaires,la.lesaffaires,#100306918236,Contex,2009-07-13,153759,157867,161339,167894,3139,22730,54578,111313,6185,952,12291,3425,2652,6229,220355,15,38443
Journal Le Reflet,JournalLeRefletGraviteMedia,#102471329717,Gravité média,2009-07-14,15821,17975,17083,19373,3233,58334,54375,87868,17005,5126,3413,7196,10473,5654,249444,0,0
La Voix du Sud,lavoixdusud,#120815214216,Ici Médias,2009-07-21,9530,10755,10156,11497,1005,21619,9331,25409,2643,802,761,1724,2791,1411,66491,9,43162
RDS,RDS,#132756582352,Bell,2009-08-10,390450,405613,384577,435223,10233,276514,1307424,2661124,429202,30142,207408,89547,64910,64674,5130945,700,24670236
Beauce Média,beaucemedia,#125969067756,Ici Médias,2009-08-23,9774,10818,10407,11524,923,13985,10405,19879,3157,609,1357,1573,2570,1626,55161,13,38829
CIBM FM 107,CIBM107,#140168673893,Groupe Radio Simard,2009-08-25,22910,23101,23525,23734,1578,38124,72862,47580,7513,769,2488,2589,5454,3379,180758,215,516300
CBC Montreal,CBCMontreal,#128015371297,Radio-Canada,2009-09-09,121335,129685,136485,154125,3089,117405,148728,299692,52331,10518,17222,18293,43348,29770,737307,194,1329477
Vision croisée,visioncroisee,#1790659501045680,AMECQ,2009-09-28,?,?,?,?,12,14,2,34,9,0,0,0,0,0,59,0,0
West QuebecPost,west.quebecpost,#901877453180330,Hebdo privé indépendant,2009-09-28,742,771,760,785,3,3,0,1,0,0,0,0,1,0,5,0,0
Journal TDN,journal.tdn,#1436132130011806,AMECQ,2009-10-03,3557,3761,3697,3885,2029,5036,1547,5902,954,372,382,477,283,299,15252,1,835
ICI Ottawa Gatineau,iciottawagatineau,#152856822182,Radio-Canada,2009-10-13,57473,59507,66248,68435,2476,43143,35806,80758,16348,7743,3347,5143,13003,6922,212213,388,2627489
La Tribune,Latribunedesherbrooke,#315133550256,Cn2i,2009-10-15,43428,47130,45758,49425,14981,132818,168545,225358,37989,18212,27865,27111,52623,44725,735246,34,105976
"CFIM, la radio des Îles de la Madeleine",cfimradio,#990363124358961,ARCQ,2009-10-26,8095,8613,8457,9032,2343,9226,3132,17100,2082,640,184,675,736,344,34119,10,12717
TVA Nouvelles,TVAnouvelles,#163706859094,Québecor,2009-10-26,1170884,1190236,1174916,1226074,12396,2968327,6494863,5467523,860957,375278,1511059,938417,1987474,1755497,22359395,35,5485985
Chatelaine,ChatelaineMagazine,#173313460834,St. Joseph,2009-11-12,160852,162346,162503,170524,1758,10743,5498,34402,4076,1464,650,841,2564,654,60892,10,538965
Info Dimanche,infodimanche,#176907966183,Néomédia,2009-11-13,23972,25647,25382,27015,2514,47887,30619,56966,8853,2347,2388,5747,11329,4201,170337,101,452509
Le Journal de Lévis,LeJournaldeLevis,#174093697897,Média coopératif indépendant,2009-11-17,14371,16486,15289,17447,2686,21787,16351,27548,4464,1176,1841,1690,3697,2134,80688,2,5486
Radio CHGA,chga.fm,#186575453743,ARCQ,2009-11-25,9851,11176,10239,11561,1992,29395,19836,23882,3742,1118,2127,1876,5314,1952,89242,9,26078
"CHOX-FM 97,5",CHOX975,#377928410603,Groupe Radio Simard,2009-12-15,?,?,?,?,36,216,66,141,16,7,5,2,5,1,459,1,1279
"CIEL FM 103,7",CIEL103,#208658131206,Groupe Radio Simard,2009-12-15,?,?,?,?,1147,14950,13838,17236,2716,523,1080,1664,2970,1799,56776,10,173346
Hebdo Rive Nord,hebdorn,#242646941257,Lexis média,2009-12-17,13558,13834,14268,14611,1918,7479,4914,10412,1509,508,703,422,1767,613,28327,30,6953
Journal le Phare,journallephare.org,#225905758286,AMECQ,2009-12-29,1268,1365,1316,1382,801,86,67,175,26,5,0,1,11,0,371,0,0
Le Nord-Côtier,LeNordCotier,#254400736372,Éditions nordiques,2010-01-12,20185,21474,20912,22238,2790,46206,29353,61912,10513,3026,3856,3491,4792,2460,165609,11,54462
Écho de La Tuque,-,#246902629754,Ici Médias,2010-01-12,8254,8737,8604,9237,1112,16232,12106,24437,4740,1493,1019,1960,3053,1203,66243,18,65263
L'Avantage Gaspésien,avantagegaspesien,#250789524180,Lexis média,2010-01-13,9891,10577,10427,11161,702,16367,6602,22037,3204,888,810,1917,2167,1260,55252,17,6101
L'Avant-Poste,lavantposte,#278296897888,Lexis média,2010-01-13,3963,4349,4166,4613,539,13716,3467,11317,2420,513,116,966,1584,532,34631,11,1745
L'Éclat,lecitoyenvaldoramos,#252516926738,Lexis média,2010-01-13,22289,22966,22552,23365,2178,39711,21126,53500,7177,2104,2555,3771,5436,2583,137963,50,25206
L'info du Nord Sainte-Agathe,linfodunordsa,#246782525678,In Médias,2010-01-13,8061,9153,8543,9724,1274,13243,7842,18693,2951,610,426,1230,1792,836,47623,6,12158
Journal Le Canada Français,lecanadafrancais,#255561392521,Ici Médias,2010-01-15,27071,29091,29101,30959,374,33978,17688,23393,4008,907,1435,5420,5406,2683,94918,3,14183
JOURNAL GRAFFICI,GRAFFICI.CA,#278003087532,AMECQ,2010-01-19,4337,4454,4526,4765,174,383,314,1334,269,17,2,14,3,3,2339,0,0
Journal L'Éveil,JOURNAL.LEVEIL,#263432421377,Hebdo privé indépendant,2010-01-19,4305,4770,4653,5090,355,2791,916,4124,614,186,57,241,391,270,9590,39,127408
Le Nord Info,NordInfoCom,#285011661387,Xtube,2010-01-19,5239,5742,5577,6023,168,1271,302,1248,122,36,9,152,195,107,3442,8,26016
Montreal Gazette,montrealgazette,#273805206181,PostMedia,2010-01-26,189212,196637,201965,214987,21427,227929,535823,556105,51966,13388,111455,47291,106563,95301,1745821,114,373000
Journal L'Action,journallaction,#282075260681,Lexis média,2010-01-30,14571,15365,15564,16424,1937,19759,10002,23078,3532,2206,545,1539,3972,1373,66006,15,7164
Le Soleil de Châteauguay,JournalLeSoleildeChateauguay,#275463874404,Gravité média,2010-01-31,16690,17743,17930,18892,3021,57480,45916,68999,12635,4517,2959,7236,9498,5401,214641,27,86912
ICI Saguenay–Lac-Saint-Jean,icisaguenaylacsaintjean,#471020985450,Radio-Canada,2010-02-03,55876,63753,62401,75927,3656,252564,210344,725288,136353,17389,19319,68624,36272,21105,1487258,360,7120601
Le Courrier du Sud,lecourrierdusud,#341883588568,Gravité média,2010-02-05,10691,10852,13318,14586,3059,39167,27200,57425,14008,6166,3038,5009,4851,5451,162315,26,122126
Le Quotidien,LeQuotidienProgres,#290633408116,Cn2i,2010-02-05,35931,40662,37773,42593,17948,159022,194617,276695,46187,16494,25814,30196,43473,33192,825690,43,111272
Québec Science,QuebecScience,#280257226593,Vélo-Québec,2010-02-05,18297,21360,19864,23213,1217,15277,4242,28928,2536,818,629,2739,932,284,56385,23,6947
Journal L'Étoile du Lac,letoiledulac,#297036452902,Trium Médias,2010-02-11,8739,9536,9378,10391,1193,17129,6313,18067,2730,462,434,1668,3747,540,51090,5,39877
Journal Mobiles,JournalMobiles,#309470448515,AMECQ,2010-02-15,12838,17319,15129,20858,1168,82413,46406,57304,11731,4752,2294,6575,17267,7973,236715,293,3034821
L'Avantage,lavantageqcca,#311812224673,Lexis média,2010-02-17,63570,64118,61134,65202,1340,35919,43895,68662,12811,4435,2802,4390,8629,3865,185408,6,3867
La Terre de chez nous,laterreca,#330389168569,UPA,2010-02-25,45015,51845,47718,55420,1175,46543,27578,132417,16180,5500,2076,5847,9650,3419,249210,21,106211
Courrier Laval,courrierlaval,#370414103097,Hebdo privé indépendant,2010-02-26,19351,21784,20940,23221,2343,26983,27288,42736,5496,2263,1293,5754,7177,5857,124847,106,183722
Journal Le Lac-St-Jean,lelacstjean,#10150112585585724,Trium Médias,2010-03-01,15162,16761,15851,17837,1248,23964,18056,41318,5178,997,1846,2872,4365,1227,99823,5,66542
ICI Mauricie Centre-du-Québec,icimauriciecentreduquebec,#353039654402,Radio-Canada,2010-03-10,48087,52214,56389,62537,4179,138788,102750,159323,34403,16797,11199,13399,30179,17636,524474,413,5120446
"Radio Boréale CHOW 105,3",RadioBoreale,#362476834435,ARCQ,2010-03-15,?,?,?,?,415,5328,479,953,181,86,6,64,232,43,7372,7,1279
"FM 103,3 - La radio allumée",fm1033,#110821378937188,ARCQ,2010-03-30,60988,61416,60965,62194,3779,42537,41833,28859,4424,1367,2560,2068,4417,5595,133660,99,46067
www.lanouvelle.net,lanouvellenet,#109588815731299,Ici Médias,2010-04-02,24218,26475,25687,27892,6272,79057,81839,113101,18768,4893,12368,10297,20317,10302,350942,5,64127
Au fil de La Boyer,journal.la.boyer,#113225578701905,AMECQ,2010-04-12,?,?,?,?,102,252,164,467,70,17,0,16,5,3,994,0,0
Global Montreal,globalmontreal,#115446208478014,Corus,2010-04-23,57550,60206,60707,63439,10887,50873,62908,96855,12601,3284,16633,16837,27796,18012,305799,20,15173
Journal de Chambly,journaldechambly,#121621961183700,Hebdo privé indépendant,2010-04-28,7571,8009,8101,8525,992,5219,4781,9124,1533,849,341,714,1439,893,24893,1,1187
Écho de Cantley,EchoCantley,#123656967647706,AMECQ,2010-05-03,?,?,?,?,95,102,44,223,23,10,2,4,19,17,444,0,0
TVA Québec,tvaquebec,#122398244448311,Québecor,2010-05-18,53082,55556,53319,56247,2425,40051,86241,64732,8337,5328,10698,7879,25272,14270,262808,271,1654823
L'Éclaireur Progrès,leclaireurprogres,#120296008004909,Ici Médias,2010-05-19,9368,9955,9864,10462,1975,19293,12357,21486,3473,900,2329,2332,3886,2726,68782,8,18490
L'Écho de Laval,echolaval,#123500857683029,Néomédia,2010-05-31,3876,4062,4175,4444,1338,1518,534,2379,232,119,98,141,86,263,5370,0,0
Les 2 Rives,journalles2rives,#100046352926785,DBC,2010-06-05,15183,16432,17819,19067,1734,43728,28810,60069,11929,3937,1553,5213,8237,3507,166983,5,35977
Le Journal de Joliette,jdejoliette,#127981430568524,Néomédia,2010-06-17,8376,8986,8788,9420,1282,8128,2742,8298,704,498,531,354,591,812,22658,0,0
Protégez-Vous,protegezvous,#131271093563675,Média sans but lucratif indépendant,2010-06-18,175988,180087,177599,182239,884,24987,10141,16518,869,322,3156,1155,359,1217,58724,49,114774
EnBeauce.com,enbeauce,#137517729595139,Néomédia,2010-06-22,33377,35216,34260,35945,4583,69206,77920,103571,15192,3795,13465,8953,13104,12695,317901,2,18008
Journal L'Express de Drummondville,JournalExpressDrummond,#111462462235449,Hebdo privé indépendant,2010-06-25,29394,32678,31220,34515,2433,74546,87464,154584,29595,8967,6698,11042,21841,9145,403882,29,295165
The Record,sherbrookerecord,#134732519884859,Glacier Media,2010-07-02,5856,6229,6198,6539,1665,9087,3692,20465,2398,971,185,1147,2128,641,40714,8,7378
"98,5 FM",985fm,#141792675836335,Cogeco,2010-07-09,77232,88270,85117,103799,3735,76149,453989,174465,32107,12362,48013,10349,31863,47027,886324,42,777396
RTC CILE Havre Saint Pierre,-,#143063915709007,ARCQ,2010-07-13,?,?,?,?,1153,2446,1690,1096,198,22,94,25,15,7,5593,2,457
Journal L'Express Montcalm,ExpressMontcalm,#137470446285760,Lexis média,2010-07-24,3970,4138,4138,4376,1510,4014,1154,2934,479,231,60,115,547,152,9686,35,6740
"CIAU FM 103,1",-,#138782872827249,ARCQ,2010-08-10,?,?,?,?,247,166,224,378,209,4,0,4,4,0,989,0,0
Radio-Canada Information,radiocanada.info,#131191820259167,Radio-Canada,2010-08-11,872413,919423,1117169,1243864,11378,1122861,1616547,2325281,330559,164635,272809,193364,420968,308200,6755224,1044,38292158
Le Téléjournal 18 h,tj18h,#107146536009839,Radio-Canada,2010-08-17,222452,240091,264957,325608,1398,222036,145870,265636,46981,17645,17916,11933,30629,34039,792685,591,13626536
Agence Science-Presse,AgenceSciencePresse,#148754208475896,Site web indépendant,2010-08-23,12640,13665,13969,14928,759,4609,2103,9164,765,207,557,561,427,219,18612,22,8716
Le Reflet du Lac,LeRefletduLac,#120816134637957,Ici Médias,2010-08-27,15693,16545,16242,17234,658,22520,23798,36038,5956,1545,1793,4161,4454,2988,103253,5,26191
Médiat TÉLÉ,mediattele,#158010344215539 ,MédiAT,2010-09-08,?,?,?,?,470,818,147,847,169,78,1,16,78,3,2157,77,7999
Radio Acton,radioacton,#124394004277741,ARCQ,2010-09-10,6857,8093,7483,8946,768,4331,13262,7067,2321,346,291,519,577,316,29030,153,145835
Le Droit,LeDroitca,#152738728079652,Cn2i,2010-09-15,31123,37636,33330,40145,20697,104129,120606,229815,28506,19619,21768,27166,60361,39593,651563,35,62687
Journal L'Action D'Autray,LActionDAutray,#139545386090754,Lexis média,2010-09-17,2007,2087,2170,2239,1283,1301,169,629,118,17,41,56,84,51,2466,10,314
Monlimoilou,monlimoilou,#147359678635384,Xtube,2010-09-17,13985,14782,14606,15471,692,3308,2290,8772,1486,265,89,445,95,111,16861,4,6184
Néomédia.com Saguenay Lac-St-Jean,neomediasaguenaylacstjean,#104759856254001,Néomédia,2010-09-24,8573,8609,8429,8835,1957,4260,2504,6098,508,391,509,324,905,729,16228,0,0
Le Journal de Québec,JdeQuebec,#123603337695336,Québecor,2010-10-05,420227,431970,419462,437743,16516,596924,1237878,1351646,173424,81736,293108,110178,308726,291539,4445159,14,215272
L'Hebdo Journal,hebdojournal,#146779575365794,Ici Médias,2010-10-07,20398,21619,21048,22288,1450,27828,18727,36314,7508,1603,1601,3669,2411,1663,101324,24,78292
Le Progrès de Coaticook,LeProgresDeCoaticook,#132195856832043,Ici Médias,2010-10-08,4457,4720,4696,5003,671,5229,1874,8191,1763,355,28,273,792,144,18649,2,2295
Le Nouvelliste,lenouvelliste,#103058656428479,Cn2i,2010-10-13,54500,59583,56643,61390,24008,186521,214881,274233,47772,24437,43602,29201,67780,54098,942525,49,59948
L'Écho de la Rive-Nord,lechorivenord,#138124172901448,Néomédia,2010-10-14,2116,2201,2182,2330,1564,1672,225,808,142,54,61,64,75,135,3236,0,0
GranbyExpress.com,GranbyExpress,#166245640068750,Ici Médias,2010-10-18,7743,8759,8235,9300,1050,14901,11215,15761,2520,936,861,1504,2039,2155,51892,35,50172
Radio-Canada Techno,radiocanadatechno,#157420337629545,Radio-Canada,2010-10-26,11409,15788,12292,16713,1869,22121,20690,60527,6681,1009,9676,6638,1841,2552,131735,15,9814
Journal Coup d'oeil,coupdoeil.info,#164481890248663,Ici Médias,2010-10-28,3602,3814,3869,4099,527,4358,983,2317,390,75,29,331,473,99,9055,1,2328
TVA Saguenay-Lac-St-Jean,TVASaguenayLacStJean,#154703251237678,Québecor,2010-10-28,41769,43314,47226,48532,1275,34715,39867,37875,6183,3234,5092,5022,10732,6562,149282,86,1175057
TVA Sherbrooke,TVASherbrooke,#167332933286664,Québecor,2010-10-28,48019,49915,49826,52205,1506,35339,45133,38291,4619,1826,7420,6620,15061,10410,164719,291,885660
Radio-Canada Sports,radiocanada.sports,#163083777048046,Radio-Canada,2010-10-29,98462,103174,109356,118464,3415,35135,65088,241487,32644,6372,8558,8473,11405,6017,415179,124,877026
Courrier Frontenac,CourrierFrontenac,#126740077384190,Ici Médias,2010-11-02,11718,12859,12391,13717,981,27179,17131,29666,5084,1234,2194,2701,5771,3339,94299,7,35793
Versants du Mont-Bruno,VersantsMontBruno,#170331766319237,Hebdo privé indépendant,2010-11-17,3928,4082,4065,4253,1042,1210,1553,5058,657,178,96,188,401,227,9568,0,0
TVA Est-du-Québec,tvaestduquebec,#134592973261866,Québecor,2010-11-25,28045,29778,29674,31473,1609,20586,14185,22550,2932,1354,2959,2878,5872,2861,76177,329,540950
FM93 Québec,fm93quebec,#129084380484268,Cogeco,2010-12-10,26531,29433,28493,31179,854,15938,45472,28690,4564,1936,9251,1905,4662,7360,119778,48,489377
CIMT Nouvelles,cimtnouvelles,#176156409078792,Québecor,2010-12-12,35792,39922,37838,42540,4159,98962,67982,123493,28436,5424,7015,16652,29854,12576,390394,434,3142475
CKIA FM,ckiafm,#115737995163836,ARCQ,2010-12-20,5284,5670,5835,6335,291,603,460,1674,594,88,108,52,40,16,3635,51,10509
Journal Le Reflet témiscamien,RefletTemis,#128870970510224,Hebdo privé indépendant,2010-12-29,6243,6478,6382,6619,795,4175,1874,6939,1191,191,70,130,65,98,14733,1,590
La Voix de l'Est,lavoixdelest,#180973521937146,Cn2i,2011-01-17,25517,29255,27120,31103,22535,148670,121697,214322,40401,15962,23594,26149,50778,37301,678874,43,187676
Le Soleil,lesoleildequebec,#192978590727638,Cn2i,2011-01-20,82074,92492,88215,102433,18163,309821,568087,782516,113731,59323,154947,62444,146075,98543,2295487,220,4251990
L'OEil Régional,OeilRegional,#125715800831437,DBC,2011-01-28,7606,8033,8158,8684,568,4250,5001,6673,1446,471,315,871,1441,702,21170,0,0
Journal Autour de l'Île,autourdelile,#190660354290957,AMECQ,2011-02-08,1547,1725,1704,1911,3539,1485,470,4267,693,110,21,104,36,12,7198,0,0
Le Placoteux,LePlacoteux,#198240006859059,Média coopératif indépendant,2011-02-10,8711,9376,9166,9841,975,15341,6228,19104,2840,1150,516,1339,2476,1503,50497,0,0
L'info du Nord Mont-Tremblant,linfodunordmt,#202538623095602,In Médias,2011-02-17,8097,9322,8652,10048,1281,13806,12357,22533,3597,688,522,1090,1770,1128,57491,2,5168
L'info du Nord Vallée de la Rouge,linfodunordvr,#112272158849482,In Médias,2011-02-17,3559,3888,3758,4195,825,6759,2362,5476,732,346,203,567,977,514,17936,1,203
CHAI 101.9 FM,1019fm.net,#147809595281030,ARCQ,2011-02-24,?,?,?,?,249,1023,488,442,125,9,6,5,14,6,2118,8,3223
"CKAJ FM 92,5 100% Régionale",ckajfm,#208296525854287,ARCQ,2011-03-14,9715,11012,10494,12265,782,4503,6895,10030,2419,239,230,190,279,49,24834,83,127515
MSN Québec,msncanadafr,#196774760345640,Microsoft,2011-03-14,159902,166383,150548,161856,7759,92011,354514,399712,65503,30805,62700,28813,73429,81046,1188533,0,0
Journal Le Manic,LeManicJournal,#207875915892151,Éditions nordiques,2011-03-23,13116,14236,13582,14694,2249,43999,31776,59744,7674,2338,5546,3431,4465,2861,161834,0,0
ICI Estrie,iciestrie,#211536155525838,Radio-Canada,2011-03-29,53231,59150,61975,71404,2815,175010,137777,262612,59233,22729,15854,24153,44656,26683,768707,616,9921179
"Radio X - CHOI 98,1",radioxquebec,#103399319745858,RNC,2011-03-30,66924,79416,69305,82574,766,58716,163825,107023,20148,9014,32317,3088,4943,34717,433791,63,644466
Journal Le Mouton Noir,MoutonNoir,#163789680345300,AMECQ,2011-04-15,3863,4224,4177,4562,290,1296,306,1905,297,102,24,81,66,46,4123,0,0
"CKRL 89,1",CKRL891,#155436694520450,ARCQ,2011-04-18,5924,6642,6851,7744,1022,1181,1698,3636,1544,77,12,38,4,3,8193,201,29190
Nouveau Projet,NPmag,#206394119400702,Magazine privé indépendant,2011-05-04,43503,43773,43613,45202,466,913,437,4389,1016,129,19,192,94,72,7261,0,0
CFMB 1280AM Radio Montréal,cfmb1280mtl,#130149947061858,Evanov,2011-05-13,2418,2589,2456,2632,159,119,66,415,45,3,0,1,18,0,667,12,1339
TVA Sports,TVASports,#127476907331141,Québecor,2011-05-31,360690,369966,379315,395815,3709,207861,690591,1589105,214052,17886,123997,49148,45009,36224,2973873,795,31836894
CIQI FM Montmagny,CIQI903,#172534136140728,Groupe Radio Simard,2011-06-09,?,?,?,?,48,703,362,326,52,16,16,5,47,4,1531,8,3173
Le Journal de Montréal,jdemontreal,#103984323029572,Québecor,2011-06-09,697032,713434,692951,726930,14240,1191446,3263442,2568095,372927,170232,771236,286854,672905,715463,10012600,18,1246281
Chambly Express.ca,ChamblyExpress,#230043493688612,Néomédia,2011-06-13,1031,1069,1131,1175,1422,153,47,619,35,15,37,24,53,13,996,0,0
Vallée-du-Richelieu Express.ca,valleedurichelieu,#218377111517305,Néomédia,2011-06-16,787,804,867,918,1421,59,20,112,9,2,3,1,5,1,212,0,0
Le Courrier Sud,LeCourrierSud,#237037489656974,Ici Médias,2011-06-22,10986,11972,11625,13099,1748,28381,10222,28189,5155,1744,857,1673,2241,826,79288,0,0
Bulletin des Chenaux,bulletindeschenaux,#213099518727247,AMECQ,2011-06-27,1388,1516,1505,1657,61,66,32,185,63,5,17,4,1,0,373,0,0
Sorel-Tracy Express.ca,soreltracyexpress.ca,#134811643264666,Néomédia,2011-07-01,1201,1264,1297,1368,1347,903,248,474,40,14,65,20,58,26,1848,0,0
ICI Québec,iciquebec,#188385537886041,Radio-Canada,2011-07-08,120461,136174,135653,167122,5253,278109,348927,495803,83569,51249,53155,41051,105983,62095,1519941,1171,21434338
L'Hebdo du St-Maurice,lhebdodustmaurice,#245901508753940,Ici Médias,2011-07-08,17810,18464,18490,19313,1426,29649,14892,47374,9724,2439,1081,2575,2505,1400,111639,10,19951
Journal Haute-Côte-Nord,LeHauteCoteNord,#137903369625141,Éditions nordiques,2011-07-16,5436,5771,5679,6001,1773,16599,4745,12558,1491,359,704,880,1367,655,39358,3,4044
L'Écho de Maskinongé,echomaskinonge,#154262924648321,Ici Médias,2011-07-28,8206,8522,8619,9193,1070,13475,4025,14867,2473,459,229,893,1881,564,38866,10,36324
CKMN.FM,CKMN.FM,#139102432841914,ARCQ,2011-07-29,4976,5412,5075,5494,485,1798,894,1935,331,69,14,51,332,69,5493,25,7277
L'Écho de Trois-Rivières,lecho3rivieres,#114149325352789,Néomédia,2011-08-22,3302,3361,3281,3509,1376,550,720,600,55,47,143,59,59,138,2371,0,0
Radio Gaspésie,radiogaspesie,#224522047597579,ARCQ,2011-09-02,20885,24787,29313,39701,2167,28846,31511,63873,10124,2066,2353,2662,3877,1458,146770,103,476468
VIA 90.5 FM,VIA905FM,#213417768712466,ARCQ,2011-09-02,6540,7807,6937,8128,1282,12499,91215,18979,4088,1103,1048,535,935,1206,131608,103,55783
Journal Nouvelles Hebdo,Nouvelleshebdo,#160299100725388,Trium Médias,2011-09-23,7157,7535,7467,7887,1087,14227,6209,12157,2090,381,404,822,2097,446,38833,3,5524
CIEU FM 94.9-106.1,cieufm,#258922174145865,ARCQ,2011-09-28,6108,6738,6492,7203,1068,6285,3569,13100,2478,353,89,706,1314,211,28105,6,2590
ICI Gaspésie-Les-Îles,icigaspesieilesdelamadeleine,#226135530782200,Radio-Canada,2011-10-26,29091,32270,31876,36042,2093,78706,32639,111886,16353,8690,3146,11520,17658,5771,286369,142,1381257
ICI Côte-Nord,icicotenord,#165824360177331,Radio-Canada,2011-10-28,21955,24716,24320,28628,2302,72269,35330,106963,17925,6978,5587,8718,12289,4362,270421,139,1676747
ICI Grand Montréal,icigrandmontreal,#134483853321456,Radio-Canada,2011-11-04,44768,45493,49844,51024,1971,11695,17810,39999,6083,2783,3830,3529,5416,4550,95695,0,0
L'info de la Basse-Lièvre,infodelabasselievre,#206799339402133,In Médias,2011-12-14,3428,4031,3597,4243,581,4062,2396,4816,846,145,95,351,401,319,13431,3,4705
L'info Petite Nation,infopetitenation,#116015295181711,In Médias,2011-12-14,5788,6464,6135,6818,485,5601,2556,6298,1214,241,163,303,353,383,17112,2,3498
Reflet de Société,RefletdeSociete,#178773778890721,AMECQ,2012-01-20,?,?,?,?,234,251,300,534,220,50,2,19,6,2,1384,37,1494
MTL Blog,MTLBlog,#254768477928383,Narcity,2012-01-23,419974,430268,421385,439687,6647,308896,511406,755421,100418,8813,132643,59917,32029,56924,1966467,422,5728386
"CKVM FM 92,1/ 93,1 La Voix du Témiscamingue",ckvmfm,#153708914747712,Radio privée indépendante,2012-02-13,?,?,?,?,566,3059,1838,2824,749,149,24,244,284,26,9197,3,7801
Métro - Cités Nouvelles,CitesNouvelles,#413470185333948,MétroMédia,2012-03-22,1310,1405,1519,1614,205,341,32,167,50,6,0,14,6,0,616,1,183
Journaldesvoisins.com,JDvoisins,#212515852188198,Site web indépendant,2012-03-31,2554,2745,2809,3025,728,1010,1002,2771,451,156,35,247,363,320,6355,0,0
ICI Abitibi-Témiscamingue,iciabitibi,#275069289242598,Radio-Canada,2012-04-02,22971,27182,28651,36222,3107,161932,83002,208533,38140,15568,6585,15573,27011,10827,567171,276,2637348
ICI Bas-Saint-Laurent,icibassaintlaurent,#243777932386097,Radio-Canada,2012-04-12,28753,33018,32620,38760,2027,80264,44195,92635,14927,10665,5014,10558,23354,7672,289284,187,1741778
Journal Le Causeur - Daveluyville et Maddington,journallecauseur,#351233864932287,AMECQ,2012-05-17,?,?,?,?,28,36,0,16,1,1,0,0,0,0,54,0,0
Monsaintroch,monsaintroch,#309189509172401,Xtube,2012-06-19,6455,6729,6879,7231,646,1074,499,3170,620,75,23,130,40,20,5651,3,1454
Monsaintsauveur,monsaintsauveur,#127511007387024,Xtube,2012-06-19,5342,5638,5638,5994,597,1334,624,3668,786,124,26,109,28,26,6725,1,924
TVA Abitibi-Témiscamingue,tvaabitibi,#145458018925308,Québecor,2012-08-06,34458,37769,36177,39403,1649,103895,75932,50963,8264,4311,5215,5812,13358,8808,276558,70,260903
TVA Gatineau-Ottawa,tvagatineauottawa,#213820898747207,Québecor,2012-08-08,74770,79447,79497,85363,4158,197662,285658,180754,27149,13660,30416,34285,77975,51106,898665,519,3094859
"104,7 Outaouais",1047fm.Outaouais,#271598752944478,Cogeco,2012-08-15,39701,44202,42804,48386,5183,121870,344572,148192,26241,7035,33471,21253,43618,42035,788287,30,237910
107.7 Estrie,1077fm,#335968163160985,Cogeco,2012-08-15,25437,25980,25460,26492,1781,11478,64329,14860,1673,703,6265,2066,3903,6130,111407,5,25559
106.9 FM Mauricie,fm.mauricie,#343611139056789,Cogeco,2012-08-15,18550,19889,19209,20389,1969,49790,65125,23569,3256,1368,8821,2799,4263,9149,168140,26,83497
"CJMD 96,9 Lévis",CJMD969,#258320754270388,ARCQ,2012-08-23,16130,20112,16629,20622,209,1410,1137,2860,1054,37,269,62,46,23,6898,47,74590
Le p'tit journal de Woburn,-,#203365633127001,AMECQ,2012-08-26,?,?,?,?,443,522,180,1248,195,11,2,29,14,3,2204,3,543
24 heures,24heures.ca,#509839125694576,Québecor,2012-10-16,13949,27599,14553,36286,2411,18566,12354,33352,6285,1307,3959,2646,3977,2618,85064,101,750865
"Radio S 100,5-fm Senneterre",cibofm,#506487682709916,ARCQ,2012-10-18,?,?,?,?,24,156,22,44,12,1,0,0,2,0,237,0,0
Journal Droit de Parole,droitdeparole.org,#366869373406866,AMECQ,2012-11-14,2533,2566,2625,2687,160,126,35,302,59,41,0,3,17,8,591,0,0
La Sentinelle,sentinellechibougamau,#461892947186141,Hebdo privé indépendant,2012-11-22,2910,3143,3060,3283,97,1010,414,990,143,31,14,38,68,14,2722,0,0
Bulletin Mékinac,bulletinmekinac,#448863208506528,AMECQ,2012-12-05,?,?,?,?,23,7,4,21,6,1,0,0,0,0,39,0,0
CFBS Radio Blanc-Sablon,RadioBlancSablon,#350719625025577,ARCQ,2012-12-19,?,?,?,?,1032,1933,512,2087,245,70,24,43,119,25,5058,4,3101
CKVL FM,radiockvl,#197472273724579,ARCQ,2013-01-15,?,?,?,?,906,1039,1263,1282,524,31,17,16,27,10,4209,220,23878
Le Charlevoisien,charlevoisien,#193760727436039,Éditions nordiques,2013-01-18,9422,10622,9942,11185,3390,43301,23390,50943,6370,2158,2628,2844,5553,3129,140316,5,11007
Journal Saint-François,SaintFrancoisGravite,#541550695869194,Gravité média,2013-01-18,20828,22398,22044,23482,2777,67758,47808,74829,11437,4025,3883,7513,9404,6130,232787,4,23494
Journal La Pensée de Bagot,JournalLaPenseeDeBagot,#323988444385520,DBC,2013-01-25,3116,3605,3230,3752,522,14590,1824,5617,1237,660,43,269,919,83,25242,0,0
CityNews Montreal,CityNewsMTL,#423596921055456,Rogers,2013-02-11,32665,39499,42606,53191,13617,88945,80814,121649,21314,4612,7345,7821,26724,17340,376564,2994,4185317
"FM Charlevoix - CIHO 96,3",CIHOFM,#101619366699027,ARCQ,2013-03-20,13450,14689,14046,15331,3440,63505,43013,76330,8588,2478,3250,5433,7619,3277,213493,3,13460
L'écho de Compton,comptonecho,#556247344397017,AMECQ,2013-03-31,?,?,?,?,247,2183,342,1336,395,71,3,20,63,29,4442,3,1407
L'info de la Vallée,infodelavallee,#352727711503683,In Médias,2013-04-09,?,?,?,?,395,2103,683,1479,303,74,24,63,177,88,4994,2,2381
Journal Le Richelieu,JournalLeRichelieu,#427427237352523,Ici Médias,2013-05-01,736,809,806,873,60,63,5,61,9,2,0,0,0,0,140,1,16
Tout un matin,toutunmatin,#1387489814797612,Radio-Canada,2013-06-18,44497,45377,47659,48946,1009,20226,74831,65549,9956,7876,6692,5939,14754,14174,219997,6,48973
Le 15-18,Le1518,#493770360693544,Radio-Canada,2013-06-19,25569,27153,27084,28709,1511,28651,41208,68574,10453,7132,4503,6335,14212,11245,192313,5,32757
Le magazine de rue La Quête,laquete.magazinederue,#561464480580116,AMECQ,2013-07-30,?,?,?,?,88,181,186,619,220,114,1,11,12,4,1348,0,0
Cfyx93,cfyx93,#234573966695537,Groupe Radio Simard,2013-09-11,?,?,?,?,1086,15996,28838,7463,1103,268,4213,925,687,3324,62817,346,226346
Journal L'annonceur,-,#160916750782060,AMECQ,2013-10-10,?,?,?,?,17,136,53,422,79,6,0,1,0,1,698,0,0
Journal communautaire Le Cantonnier,lecantonnier,#275530495933919,AMECQ,2013-12-06,389,515,433,572,443,358,77,460,41,9,4,9,12,3,973,1,57
VIVA média,groupe.VIVAmedia,#633677300012546,Viva Média,2013-12-10,?,?,?,?,1131,23769,14065,17777,3192,1156,872,2799,3730,3149,70509,13,77735
Journal EPIK,-,#185830224948058,AMECQ,2013-12-15,?,?,?,?,34,16,8,50,6,0,0,0,2,0,82,0,0
Cign Coaticook,cign.cign,#884951561568276,ARCQ,2013-12-20,6330,7204,6617,7548,365,4240,6087,5973,1088,248,138,306,1144,115,19339,15,22809
Journal Accès,journalacces,#712744818743518 ,Hebdo privé indépendant,2014-01-24,12696,12753,13914,13993,1348,11004,7894,17252,2627,762,615,959,1159,1238,43510,109,293448
"Journal L'Horizon, presse coopérative des Basques",-,#431723490293114,AMECQ,2014-01-30,696,749,738,785,1650,513,111,780,155,36,6,20,33,9,1663,0,0
Journal Le Pont de Palmarolle,JournalLePont,#1424551357783452,AMECQ,2014-02-10,?,?,?,?,171,1904,1005,2410,636,67,14,58,48,6,6148,0,0
Journal Le Saint Denisien,saint.denisien,#792898817437551,AMECQ,2014-02-17,?,?,?,?,46,61,12,93,10,12,3,2,15,0,208,0,0
mensuellemonde.com,mensuellemonde,#1414745668786649,Média sans but lucratif indépendant,2014-04-11,?,?,?,?,115,2,1,7,1,0,0,0,0,0,11,0,0
Monmontcalm,monmontcalm,#1420725994874424,Xtube,2014-06-13,3405,3689,3638,3966,567,874,315,2193,381,112,9,98,83,3,4068,3,955
"CHEF 99,9",CHEF99.ca,#1419523835002128,ARCQ,2014-06–24,?,?,?,?,3,9,0,7,1,0,0,0,0,0,17,0,0
Zone économie,zoneeconomie,#273070192878526,Radio-Canada,2014-07-01,95539,102947,108274,122084,1030,43418,53390,98443,8160,2009,5736,4320,2925,6967,225368,448,6017836
Courrier de Portneuf,courrierdeportneuf,#504448116367529,Média coopératif indépendant,2014-07-10,4399,4948,4675,5329,769,7991,1805,6631,949,351,296,392,1206,289,19910,0,0
La Gazette de la Mauricie,lagazettedelamauricie,#530765187024077,AMECQ,2014-07-21,?,?,?,?,319,540,332,1736,417,75,2,35,13,9,3159,7,969
Narcity Québec,NarcityQuebec,#271036236431606,Narcity,2014-08-19,390182,393546,398300,406605,7768,421184,1763361,755517,142985,8878,130703,41592,27734,56012,3347966,1197,22007863
Montbeillard En BREF,montbeillardenbref,#100042407152770,AMECQ,2014-09-06,?,?,?,?,30,39,12,44,7,0,0,0,0,0,102,0,0
Échos Montréal,EchosMontreal,#365501026942053,AMECQ,2014-09-11,111,121,139,151,15,1,0,14,2,0,0,0,0,0,17,0,0
Les Éditions des Trois Clochers - Journal Le Hublot,troisclochers,#338131219712573,AMECQ,2014-09-29,?,?,?,?,150,14,1,28,0,1,0,0,2,0,46,0,0
Journal l'Écho d'en Haut Inc.,journal.1983,#762169207176833,AMECQ,2014-10-08,1099,1170,1142,1224,84,518,40,215,26,1,0,1,1,0,802,0,0
Journal Le Nord,JournalLeNordStJerome,#153063064888197,Hebdo privé indépendant,2014-11-03,7025,9023,7448,9656,1350,11440,5253,11708,1856,622,507,1008,1268,815,34477,87,110299
Bulletin d'Aylmer,bulletinaylmer,#921232881238617,Hebdo privé indépendant,2014-11-06,6250,6764,6707,7302,273,2944,1574,3452,533,268,36,277,776,73,9933,2,3460
Mon Matane,nouvelles.chrmchoematane,#351524758377662,Arsenal Média,2014-11-21,5368,6005,5684,6299,2718,26143,11450,33167,4287,2922,1748,1895,4293,1822,87727,1,1573
GoRimouski.com,GoRimouski,#774231592664252,Néomédia,2015-01-13,488,574,509,592,1149,40,38,106,6,2,9,2,6,6,215,0,0
L'info de la Lièvre,infodelalievre,#718550011601570,In Médias,2015-03-04,?,?,?,?,538,7706,7449,10153,1254,233,225,357,646,526,28549,3,6773
MédiAT,mediat,#807254436031059,MédiAT,2015-04-05,22692,25067,24836,28550,877,34907,21750,23240,4436,2321,1416,3171,5954,2334,99529,37,336953
"CFLX 95,5 FM",CFLX955,#1568703433379386,ARCQ,2015-04-07,1475,1685,1600,1838,531,173,217,614,139,61,3,10,41,4,1262,4,738
Néomédia Vaudreuil-Soulanges,neomediavaudreuilsoulanges,#1640213986214892,Néomédia,2015-04-15,9904,11219,10825,12347,3874,38742,17249,33321,5347,2022,1192,3921,5528,2359,109681,8,6582
Laval News,LavalNews,#1593594284249965,Hebdo privé indépendant,2015-05-21,?,?,?,?,534,610,212,699,50,7,25,100,172,82,1957,0,0
Journal Ski-se-Dit,skisedit,#100038006095413,AMECQ,2015-06-12,1178,1313,1265,1456,293,497,220,1041,218,46,5,25,19,3,2074,4,1058
Journal communautaire Ensemble pour bâtir,journalensemble,#973312769355811,AMECQ,2015-07-19,527,552,554,578,74,355,67,277,54,13,0,10,29,7,812,0,0
La Vie d'Ici,laviedici,#399365000270605,AMECQ,2015-08-21,200,228,204,236,46,20,38,67,24,2,1,0,1,0,153,0,0
Journal Local Le Félix,JournalLocalLeFelix,#162737674069144,AMECQ,2015-09-25,?,?,?,?,33,83,25,97,7,0,0,4,12,0,228,1,463
Le Courrier de Saint-Hyacinthe,lecourrier1853,#945501695529563,DBC,2015-12-29,13013,14340,13788,15268,172,12632,5527,4803,624,354,321,1331,3330,472,29394,6,38516
CFNJ 99 1 et 88 9,cfnjfm,#1250013895015978,ARCQ,2016-01-21,?,?,?,?,1053,3032,2067,6209,741,692,177,472,838,472,14700,9,10433
Journal Le Sentier,-,#240326016318686,AMECQ,2016-04-02,257,341,274,365,149,95,31,180,21,5,0,1,0,1,334,0,0
L'Écho de St-François,EchoStFrancois,#1162543637110986,AMECQ,2016-04-23,?,?,?,?,16,3,2,10,7,0,0,0,0,0,22,0,0
Journal l'Alliance de Preissac,JournalAlliancePreissac,#1568411916822268,AMECQ,2016-04-23,?,?,?,?,63,47,29,58,9,1,0,0,6,3,153,0,0
Journal Le Lavalois,journallelavalois,#114342975633449,AMECQ,2016-04-23,703,729,718,758,492,227,65,347,50,12,6,121,4,3,835,0,0
Le Saint-Armand,-,#1694470804135904,AMECQ,2016-04-23,?,?,?,?,145,239,19,166,14,6,0,1,4,0,449,0,0
Journal des citoyens,journaldescitoyens,#1103279923079306,AMECQ,2016-05-01,?,?,?,?,233,66,39,301,50,7,0,2,6,6,477,0,0
Radio-Canada Science,radiocanada.science,#1093913860657127,Radio-Canada,2016-09-26,63855,79638,72214,90024,1495,120670,44481,234217,24791,2667,7738,45981,9841,3312,493698,20,111614
Journal le Réveil,j.le.reveil,#172583749853818,AMECQ,2016-10-03,?,?,?,?,17,60,3,11,2,0,0,0,0,0,76,0,0
Espaces autochtones,espacesautochtones,#1244324122290544,Radio-Canada,2016-11-14,30341,42135,33729,48135,2771,97296,26737,266250,65689,51024,1332,6518,31578,19033,565457,110,205791
Le Trait d'Union,traitdunionsaguenay,#1038129076312593,Média sans but lucratif indépendant,2016-12-11,?,?,?,?,147,875,125,913,244,34,0,10,2,0,2203,0,0
Rad,radpointca,#115457012314003,Radio-Canada,2017-02-28,100995,114125,113114,186986,126,62460,14853,134832,11902,8289,1948,2858,3277,2020,242439,11,157625
Journal communautaire Ici Brompton,-,#232163400524114,AMECQ,2017-03-13,?,?,?,?,114,309,87,366,52,7,0,5,31,1,858,0,0
Journal Le Montérégien,journallemonteregien,#788291801340224,Hebdo privé indépendant,2017-04-10,?,?,?,?,854,428,116,873,104,26,3,24,58,25,1657,0,0
Néomédia Valleyfield,neomediavalleyfield,#233209217161953,Néomédia,2017-04-25,1908,2143,2105,2458,3099,7241,954,3646,563,227,61,311,393,200,13596,0,0
Silo 57,silo57,#609085822623089,Québecor,2017-05-23,15796,26285,17443,28811,1323,33985,60017,101612,13289,453,1568,3235,978,412,215549,16,440335
Unpointcinq,unpointcinq,#106365669977985,Site web indépendant,2017-06-16,42378,55963,43734,57592,663,12451,6436,35435,5424,998,529,1357,465,182,63277,29,102688
Journal le Haut-Saint-François,JournalleHSF,#302242856915045,AMECQ,2017-07-17,?,?,?,?,135,299,44,357,47,12,0,4,6,7,776,0,0
Le Montarvillois,Le.Montarvillois,#157830908116505,Site web indépendant,2017-07-24,?,?,?,?,362,448,327,1044,94,38,3,36,86,42,2118,0,0
Journal La Voie du Secteur des Coteaux,journallavoie,#1927281444151151,AMECQ,2017-08-13,?,?,?,?,199,359,94,219,31,5,0,11,6,6,731,0,0
North Shore News,North.Shore.News.QC,#240598129796358,Hebdo privé indépendant,2017-08-31,?,?,?,?,52,6,2,19,1,0,0,5,0,0,33,0,0
Le Devoir - Opinion,ledevoir.opinion,#1819920998300492,Le Devoir,2018-01-25,4734,6283,5360,6956,1890,3908,3902,8368,815,457,1630,252,772,502,20606,3,820
Le Bulletin des agriculteurs,leBulletindesagriculteurs,#948987011917416,Glacier Media,2018-01-29,?,?,?,?,59,75,11,182,17,4,1,0,2,0,292,2,551
L'Information d'affaires d'ici,Informationdaffairesdici,#165928187373972,Gravité média,2018-01-31,?,?,?,?,358,119,16,71,14,2,0,0,3,0,225,0,0
porte-monnaie,portemonnaieca,#1551898518191408,Québecor,2018-03-15,13814,15493,14672,16487,281,4411,2647,3862,514,32,510,157,37,47,12217,3,29102
QUB Radio,qubradio,#2215333488686146,Québecor,2018-08-28,20238,23213,21938,25165,2754,39699,181632,86520,8456,5080,42615,7103,7561,50273,428939,3,3126
Chaleurs Nouvelles,chaleursnouvelles,#2130777093841116,Lexis média,2018-09-04,?,?,?,?,348,2428,266,1370,328,57,17,134,495,50,5145,1,23
Gaspésie Nouvelles,gaspesienouvelles,#514974212276320,Lexis média,2018-09-04,?,?,?,?,205,2485,183,724,90,31,4,31,20,18,3586,2,80
"Radio Communautaire CJTB 93,1",radiocommunautairecjtb,#1976697062384053,ARCQ,2018-12-02,?,?,?,?,529,1015,412,2097,585,27,3,51,57,21,4268,0,0
Bury's Image de Bury,BuryQuebec,#2125943084165156,AMECQ,2019-02-28,?,?,?,?,1105,193,36,325,29,5,0,3,19,6,616,0,0
Ma Côte-Nord,macotenord,#440606566689266,Arsenal Média,2019-04-26,4646,5701,4917,6200,1890,21025,3792,9166,1458,662,874,634,1066,638,39315,0,0
Radio Anticosti inc.,-,#468517777286271,ARCQ,2019-06-12,?,?,?,?,273,310,277,896,162,17,2,15,5,1,1685,8,1023
Mon Victo,-,#113366336708571,Arsenal Média,2019-09-04,2096,2769,2261,3103,2277,8248,2351,5595,589,185,530,567,1666,522,20253,0,0
Journal Le Soir,journallesoir.ca,#102339377820962,Site web indépendant,2019-09-06,4772,6093,5109,6563,5159,21208,13451,30596,3751,1833,1535,2520,4951,2941,82786,5,9682
Ma Beauce,mabeauce,#107599863960179,Arsenal Média,2019-09-09,1127,1690,1183,1810,1826,4308,1289,2464,141,55,436,404,473,416,9986,5,1265
Journal Tam Tam,matapedialesplateaux2.0,#105249570949020,AMECQ,2019-11-22,?,?,?,?,663,841,552,2378,365,47,46,58,39,2,4328,8,983
Le Val-Ouest,levalouest,#110344977272935,AMECQ,2020-03-23,?,?,?,?,506,776,61,921,96,21,9,2,2,8,1896,0,0
Journal La Rafale,JournalLaRafale,#109513637357837,AMECQ,2020-03-24,?,?,?,?,43,96,6,49,12,0,0,0,0,0,163,1,127
Le Journal Point Sud,LeJournalPointSud,#100422905220467,AMECQ,2020-11-06,?,?,?,?,34,15,2,25,12,0,0,0,0,0,54,1,3
Noovo Info,noovo.info,#107549134544919,Bell,2020-12-04,1520,5969,1767,7397,575,9192,3065,10782,2413,1255,256,285,545,370,28163,311,822535
L'écho du Roussillon,echoduroussillon,#102841435292262,Site web indépendant,2021-04-26,?,?,?,?,38,12,2,4,8,0,0,0,1,0,27,0,0
Ma Gaspésie,-,#101374782110703,Arsenal Média,2021-04-27,?,?,?,?,251,769,95,329,40,33,0,35,116,25,1442,0,0
